"ISO3","Name","1995","1996","1997","1998","1999","2000","2001","2002","2003","2004","2005","2006","2007","2008","2009","2010","2011","2012","2013","2014","2015","2016","2017","2018","2019","2020","2021"
"AFG","Afghanistan",13.73297024,13.73297024,13.73297024,13.73297024,13.73297024,13.73297024,13.73297024,13.73297024,6.65036392,9.9371376,15.71056557,18.48848534,16.17664719,18.47561455,21.8033886,15.52872467,21.13860512,21.17189598,22.91737556,21.98381996,16.44546318,18.94781685,19.42013359,19.73445702,19.83023643,16.13204002,19.34802574
"ALB","Albania",1.65561604,1.65561604,1.65561604,1.65561604,1.65561604,1.65561604,4.40930462,3.44509053,9.32095146,6.36698723,5.86389732,6.40837002,6.0422945,2.54499149,1.66314065,1.91160977,0.86638451,0.8567183,1.06783342,0.61583549,0.70142412,0.88365322,1.57669628,1.05872059,1.05872059,1.05872059,1.05872059
"DZA","Algeria",0.052187,0.052187,0.052187,0.052187,0.052187,0.052187,0.04628069,0.04450536,0.05022801,0.04680432,0.07937498,0.05232034,0.06622829,0.03665671,0.05150365,0.02814943,0.01970796,0.03197956,0.01982955,0.03547188,0.0268308,0.02010599,0.02891926,0.02693869,0.04457502,0.03990048,0.03990048
"AND","Andorra",,,,,,,,,,,,,,,,,,,,,,,,,,,
"AGO","Angola",0.51365387,0.51365387,0.51365387,0.51365387,0.51365387,0.51365387,1.43060005,1.27742219,1.03922689,1.92934799,3.03782797,5.85645962,2.69763899,2.4888041,3.82744431,3.24644613,2.8612268,2.17543125,2.56596041,3.17014694,2.67032242,3.64164376,3.11478901,3.40596294,3.19404149,4.16354322,4.16354322
"ATG","Antigua and Barbuda",0.34878898,0.34878898,0.34878898,0.34878898,0.34878898,0.34878898,0.07303306,0.13711631,0,0.04309067,0.15506251,0.13964188,0.14269018,0.18763787,0.02764631,0.12729101,0.05339933,0,0.23532581,0,0,0.01355033,0.02284085,0.09705941,0.04647173,0.14311191,0.14311191
"ARG","Argentina",0.03062808,0.03062808,0.03062808,0.03062808,0.03062808,0.03062808,0.2007374,1.96734297,0.34346449,6.29007864,1.18307579,0.32621667,0.22942123,0.92570257,0.28787005,0.31598705,0.58026612,0.52099103,0.44593182,0.52839446,0.28386176,0.30856231,0.4337922,0.30367181,0.24146576,0.28700885,0.28700885
"ARM","Armenia",12.77933121,12.77933121,12.77933121,12.77933121,12.77933121,12.77933121,18.01124001,7.93093824,5.22895432,5.45582008,11.67522335,11.57289124,12.21758938,5.88885784,4.58921719,3.72884226,3.15005541,2.960572,2.07229877,1.52948999,1.08290088,1.8710475,1.2871294,1.216784,0.99527276,1.10338724,1.10338724
"AUS","Australia",0,0,0,0,0,0,0,0,0,0,0,0,0,0,0,0,0,0,0,0,0,0,0,0,0,0,0
"AUT","Austria",0,0,0,0,0,0,0,0,0,0,0,0,0,0,0,0,0,0,0,0,0,0,0,0,0,0,0
"AZE","Azerbaijan",1.99538815,1.99538815,1.99538815,1.99538815,1.99538815,1.99538815,1.24768662,0.83265251,2.64832973,1.79651213,0.89534754,1.70744336,1.71862245,1.28183937,1.20471394,1.48377061,1.38465714,1.80993521,0.7871924,1.02226782,0.83127201,0.50794786,0.67094845,0.65701377,0.29862753,0.30248988,0.30248988
"BHS","Bahamas",0.65086937,0.65086937,0.65086937,0.65086937,0.65086937,0.65086937,0.61268443,0.59068519,0.56089538,0.54586518,0.50430673,0.68472451,0.65624475,0.61227262,0.57574725,0.57126319,0.578412,0.51622671,0.48970336,0.49659383,0.53281945,0.49157545,0.42747569,0.479231,0.45379785,0.37425613,0.37425613
"BHR","Bahrain",0,0,0,0,0,0,0,0,0,0,0,0,0,0,0,0,0,0,0,0,0,0,0,0,0,0,0
"BGD","Bangladesh",7.80901241,7.80901241,7.80901241,7.80901241,7.80901241,7.80901241,9.8304987,9.99173546,9.66122818,10.01664925,9.45324707,8.1403017,8.05371952,8.34587193,9.39119339,8.98498154,8.60315228,9.1232996,9.00814438,8.34512901,7.78335238,6.1627984,6.05031443,5.8310504,5.56311464,5.40653753,5.40653753
"BRB","Barbados",0,0,0,0,0,0,0,2.07792068,1.83156502,1.21768141,1.18225563,1.52539277,1.96446872,3.10074687,3.45015073,2.29398513,3.00763011,0.37091264,1.78831458,2.24023604,1.7174983,1.71829879,2.0099349,1.18787313,0.88886207,0.78018254,0.78018254
"BLR","Belarus",0.09127826,0.09127826,0.09127826,0.09127826,0.09127826,0.09127826,0.16596431,0.1448514,0.11228091,0.09088763,0.07338102,0.17453514,0.13972256,0.20764074,0.26352641,0.45424893,0.29202139,0.54671919,0.4074395,0.29852316,0.39081886,0.41910192,0.37682614,0.20678577,0.13958444,0.29889509,0.29889509
"BEL","Belgium",0,0,0,0,0,0,0,0,0,0,0,0,0,0,0,0,0,0,0,0,0,0,0,0,0,0,0
"BLZ","Belize",6.62694645,6.62694645,6.62694645,6.62694645,6.62694645,6.62694645,6.66355848,6.38694859,7.74739885,7.45375204,7.11581755,7.01614857,9.09522057,5.41569281,5.45994997,2.79598165,4.07436609,2.66380501,2.29835415,9.41801739,2.97063398,1.66157472,1.60893226,2.49864268,2.88280034,0.87014693,0.87014693
"BEN","Benin",16.74131584,16.74131584,16.74131584,16.74131584,16.74131584,16.74131584,17.03046417,18.42640305,19.96296501,20.1655426,20.2539959,20.0065136,24.98971939,25.94633484,22.00792122,25.74988365,25.85947609,36.23801422,25.43490028,28.59190941,28.63819504,24.41490364,19.50345039,30.1641407,24.6209259,20.06292725,20.06292725
"BTN","Bhutan",8.1200285,8.1200285,8.1200285,8.1200285,8.1200285,8.1200285,18.82071114,8.89116859,11.47806835,17.37087059,19.01649094,29.11174965,20.92226601,15.00100899,9.11180782,11.01529884,9.75923061,8.70930767,9.69053841,8.65128994,5.0743556,4.76110172,11.16815472,6.05179501,6.96480751,5.13653231,5.13653231
"BOL","Bolivia, Plurinational State of",6.25753689,6.25753689,6.25753689,6.25753689,6.25753689,6.25753689,6.40078497,6.96912527,8.92644691,9.21074009,7.61305428,5.74817848,4.57828236,5.93362188,4.00067425,3.5904696,4.65468597,4.42234516,3.52861857,2.66771841,3.0737884,3.23860908,2.30387115,1.62937176,1.13371396,2.81845069,2.81845069
"BIH","Bosnia and Herzegovina",6.83516884,6.83516884,6.83516884,6.83516884,6.83516884,6.83516884,1.47021496,1.78105414,1.2885375,0.34047738,0.22188847,0.44001108,0.39651504,0.40223277,0.9525398,1.51052833,2.59980559,1.8899281,0.95787603,0.45209342,1.69204223,0.18966424,0.38613981,0.42419314,1.54225659,1.38311899,1.38311899
"BWA","Botswana",16.52929497,16.52929497,16.52929497,16.52929497,16.52929497,16.52929497,14.42066956,13.6840086,13.09399986,11.70676041,11.95364475,10.68930054,14.99626637,12.52663803,7.35743666,5.10271645,4.83636427,4.60987091,8.8375845,7.95071602,7.03000593,5.6654377,9.61172962,8.53516006,9.56364822,5.66384554,5.66384554
"BRA","Brazil",0.31819323,0.31819323,0.31819323,0.31819323,0.31819323,0.31819323,0.28357494,0.31573328,0.1969112,0.53066915,0.06743981,0.10612676,0.08170771,0.05353876,0.14908519,0.24594215,0.33908296,0.12457065,0.06794302,0.13800363,0.08012588,0.07430713,0.06623575,0.08543605,0.14588514,0.14543335,0.14543335
"BRN","Brunei Darussalam",0,0,0,0,0,0,0,0,0,0,0,0,0,0,0,0,0,0,0,0,0,0,0,0,0,0,0
"BGR","Bulgaria",2.02924371,2.02924371,2.02924371,2.02924371,2.02924371,2.02924371,2.02924371,2.02924371,2.02924371,2.02924371,2.02924371,2.02924371,2.02924371,2.02924371,2.02924371,2.02924371,2.02924371,2.02924371,2.02924371,2.02924371,2.02924371,2.02924371,2.02924371,2.02924371,2.02924371,2.02924371,2.02924371
"BFA","Burkina Faso",21.29730415,21.29730415,21.29730415,21.29730415,21.29730415,21.29730415,19.59553146,22.19445229,31.74218559,26.69436264,35.38982391,35.40400696,43.06169128,36.67288589,30.97930145,41.42404938,32.62495041,38.21045685,29.5110836,23.60428619,24.67079163,23.47665787,17.99704552,15.18416309,15.79821396,18.15622139,18.15622139
"BDI","Burundi",0.70938689,0.70938689,0.70938689,0.70938689,0.70938689,0.70938689,19.92476845,15.66202354,17.96702766,24.06061554,28.4046917,27.46936798,26.2610569,29.37711716,36.1097374,42.90303421,26.70165825,28.75172806,44.13805389,12.83325672,10.11311531,37.32399368,41.25179291,42.4523468,30.86786652,30.98870277,30.98870277
"KHM","Cambodia",2.14746714,2.14746714,2.14746714,2.14746714,2.14746714,2.14746714,7.17333317,7.94373941,10.72493744,16.18535042,14.44061947,19.75038719,30.28106117,16.25931168,16.24161339,13.91023254,11.11300945,19.38586998,18.72117996,22.71261215,20.35761261,18.94985771,9.19444656,6.49763823,6.50484943,6.69507504,6.69507504
"CMR","Cameroon",2.66585588,2.66585588,2.66585588,2.66585588,2.66585588,2.66585588,2.24719286,3.44702578,2.36824918,3.34895229,4.76077461,4.65560436,5.1649313,6.10976124,5.71515799,8.00396442,12.15643501,7.86001873,7.3087163,10.60485649,9.91072655,9.82819176,9.48569965,14.29008865,13.0471077,11.91626167,11.91626167
"CAN","Canada",0,0,0,0,0,0,0,0,0,0,0,0,0,0,0,0,0,0,0,0,0,0,0,0,0,0,0
"CPV","Cape Verde",2.57253766,2.57253766,2.57253766,2.57253766,2.57253766,2.57253766,2.83516622,2.85524368,1.62362075,3.92929649,5.41883945,9.10694218,5.20042896,6.16974497,3.15959668,6.04237938,4.7182374,12.9990921,15.27369308,15.06300926,4.16676426,5.10106754,7.99902296,9.54118061,6.6689744,13.10804462,13.10804462
"CAF","Central African Republic",11.6394453,11.6394453,11.6394453,11.6394453,11.6394453,11.6394453,6.95199871,15.44358158,12.32136536,9.72167778,21.9174881,18.2902298,21.38217545,19.44330025,34.35552216,22.96046829,28.89992142,24.97961235,33.13182831,37.03116226,41.40312195,32.82312393,31.45635605,51.37660217,27.66506004,34.31943893,34.31943893
"TCD","Chad",3.43244529,3.43244529,3.43244529,3.43244529,3.43244529,3.43244529,3.54214001,3.01753879,16.8306942,10.43115902,10.05191612,11.12032413,6.29346275,5.85889435,8.12647724,5.94576263,12.75176048,10.81010342,7.97367525,10.8531189,17.027771,22.08400726,20.31199837,19.3388176,19.75568962,21.45186424,21.45186424
"CHL","Chile",0,0,0,0,0,0,0,0,0,0,0,0.02001383,0.00104208,0.01191935,0.01324864,0.01022053,0.002029,0.0015266,0.00269315,0.00242602,0.00141932,0,0,0,0,0,0
"CHN","China",0.02547254,0.02547254,0.02547254,0.02547254,0.02547254,0.02547254,0.22134258,0.14548576,0.12766516,0.12344482,0.21010171,0.14492926,0.18071163,0.15566339,0.10555609,0.12173964,0.07550438,0.05628394,0.05544716,0.03018604,0.00859982,0.00161523,0.00044167,0.00064801,0.00066961,0.00024403,0.00024403
"COL","Colombia",0.01743398,0.01743398,0.01743398,0.01743398,0.01743398,0.01743398,0.04688538,0.89291525,1.85931981,1.24555624,0.94975674,0.71166968,0.46737197,0.06050039,0.04858739,0.06273011,0.15313482,0.5262354,0.5262354,0.5262354,0.5262354,0.5262354,0.5262354,0.5262354,0.5262354,0.5262354,0.5262354
"COM","Comoros",5.89073467,5.89073467,5.89073467,5.89073467,5.89073467,5.89073467,7.87682962,6.70731401,11.27604389,12.11356926,9.42917538,6.06638479,4.31190014,4.37350941,4.36777544,8.1900692,14.30095863,14.50089359,16.5729599,21.15483284,10.78688049,12.66489601,19.80408478,13.1380415,17.57010078,13.23615646,13.23615646
"COG","Congo",11.5210638,11.5210638,11.5210638,11.5210638,11.5210638,11.5210638,8.74561691,11.6272192,11.14666939,20.23670959,21.31544876,17.27007484,18.39298058,11.4930191,19.1670742,11.7349844,20.96310806,26.3597374,19.84407806,18.17324638,18.91436386,5.11391115,7.24547338,5.47522306,7.01047707,10.99664783,10.99664783
"COD","Congo, the Democratic Republic o",25.66997528,25.66997528,25.66997528,25.66997528,25.66997528,25.66997528,14.93379307,15.81775761,19.65146255,18.30513191,19.3431015,20.19490051,23.93532372,38.37123108,41.08285522,44.77018356,45.04618835,37.63668823,40.14576721,40.19532776,39.27082825,43.22838593,42.47307205,35.21685028,38.82657242,37.48040771,37.48040771
"CRI","Costa Rica",1.1117444,1.1117444,1.1117444,1.1117444,1.1117444,1.1117444,1.260198,0.38723284,0.33544725,0.23138919,0.17699823,0.08924608,0.09470533,0.14018829,0.28391573,0.21066861,0.12927732,0.06346241,0.03902256,0.02410425,0.00636806,0.02836165,0.05353978,0.0062117,0.00104268,0.13579112,0.13579112
"CIV","Cote d'Ivoire",7.14640188,7.14640188,7.14640188,7.14640188,7.14640188,7.14640188,6.95327044,7.38162756,7.0515027,8.33184147,6.67415667,7.66020679,8.55670547,11.56071186,10.30702782,10.56783581,12.19101715,15.65249825,8.71003151,13.47169113,13.08228302,14.9303875,13.03412533,12.27736473,12.99884805,13.54403633,13.54403633
"HRV","Croatia",0.00450471,0.00450471,0.00450471,0.00450471,0.00450471,0.00450471,0.00450471,0.00450471,0.00450471,0.00450471,0.00450471,0.00450471,0.00450471,0.00450471,0.00450471,0.00450471,0.00450471,0.00450471,0.00450471,0.00450471,0.00159201,0.00517014,0.00134072,0.00422894,0.00854785,0.00220794,0.00220794
"CUB","Cuba",0.07373915,0.07373915,0.07373915,0.07373915,0.07373915,0.07373915,0.07667926,0.11725663,0.14297508,0.35815632,0.29124269,0.13949484,0.11011758,0.19303413,0.09858164,0.03938273,0.19650027,0.16542237,0.1210008,0.1102391,0.04766417,0.10711079,0.07677097,0.08804822,0.13226296,0.0560494,0.0560494
"CYP","Cyprus",0.53344458,0.53344458,0.53344458,0.53344458,0.53344458,0.53344458,0.49213043,0.59972543,0.58017379,0.54738265,0.53368944,0.59484863,0.61822152,0.46357441,0.55489761,0.90465069,0.95644373,0.94572675,1.1261003,1.09613359,1.15934336,0.20783879,0.40834177,0.36750153,0.68906051,0.24745411,0.24745411
"CZE","Czech Republic",0,0,0,0,0,0,0,0,0,0,0,0,0,0,0,0,0,0,0,0,0,0,0,0,0,0,0
"DNK","Denmark",0,0,0,0,0,0,0,0,0,0,0,0,0,0,0,0,0,0,0,0,0,0,0,0,0,0,0
"DJI","Djibouti",0,0,0,0,0,0,0,20.80322838,24.75306129,14.86052799,14.39944839,12.28400421,12.87839317,10.48653603,10.08739281,9.78307915,11.28303623,18.48588943,13.09074306,16.58128166,23.19301224,26.96528053,25.85710907,19.77166176,18.6656189,21.72534752,21.72534752
"DMA","Dominica",2.92069483,2.92069483,2.92069483,2.92069483,2.92069483,2.92069483,2.33869553,4.75164938,3.033391,3.95407605,2.70328593,2.56881452,3.21309233,2.607939,2.93046021,2.71198344,3.10298872,3.46242213,2.27154613,2.20903039,1.93569994,1.85037196,1.62325132,1.81207561,0.71905094,7.59140825,7.59140825
"DOM","Dominican Republic",1.84018743,1.84018743,1.84018743,1.84018743,1.84018743,1.84018743,2.90014863,5.31062269,3.20671272,2.18135619,1.69850194,1.11908674,1.7336247,1.77763748,0.93324375,0.67250806,0.52326828,1.43889034,0.6048274,7.63028097,9.08337116,0.78624558,0.95938969,1.31822789,1.17159593,0.79788476,0.79788476
"ECU","Ecuador",2.78586411,2.78586411,2.78586411,2.78586411,2.78586411,2.78586411,1.95998693,1.05707419,0.56670982,1.17824543,0.60293055,0.94484329,0.48569837,0.44309902,0.45848373,1.67978597,0.21196304,0.19582541,0.15561312,0.19636707,0.23057868,0.19513617,0.13376011,0.10837451,0.10381798,0.15627319,0.15627319
"EGY","Egypt",0.85898668,0.85898668,0.85898668,0.85898668,0.85898668,0.85898668,0.85898668,0.85898668,0.85898668,1.06511736,1.22708189,1.56766725,2.09135318,1.35774577,1.60886967,0.64146358,0.57470351,0.37650833,0.16287425,1.36775744,0.2021538,1.01053631,0.31514263,0.65753311,1.03764796,1.12120402,1.12120402
"SLV","El Salvador",1.02885032,1.02885032,1.02885032,1.02885032,1.02885032,1.02885032,2.06410003,0.50009972,0.4850595,2.06569934,2.01899028,2.93169045,3.23725057,3.27675653,7.7199831,6.03469658,0.77956176,1.99418664,3.01865125,2.11914945,1.61815822,1.60480988,0.11182721,0.17431378,0.309901,0.44028178,0.44028178
"GNQ","Equatorial Guinea",3.18817973,3.18817973,3.18817973,3.18817973,3.18817973,3.18817973,9.58118057,5.5740118,3.21101904,3.13864827,3.11545539,5.5272069,5.56050348,2.51454115,5.91090202,4.35273457,4.31774426,3.37593341,1.19256818,0.35666835,1.24478722,1.1932168,2.10117698,2.35400581,0.91305906,1.44459343,1.44459343
"ERI","Eritrea",0.64057595,0.64057595,0.64057595,0.64057595,0.64057595,0.64057595,13.79907703,22.28843689,38.31954193,42.61532593,52.33444214,53.35165405,32.89182663,43.44826126,34.73834229,29.75931549,48.16618729,26.05442238,35.30799866,34.68010712,41.23163986,22.69674301,32.03656769,35.49721146,39.19594193,34.07184982,34.07184982
"EST","Estonia",0.01804261,0.01804261,0.01804261,0.01804261,0.01804261,0.01804261,0.11389332,0.20974403,0.30559474,0.67904931,0.48831531,0.66522276,0.57492357,0.43139732,0.367369,1.81291568,1.43225145,0.39226943,0.06151683,0.22896694,0.19696037,0.17943572,0.02680308,0.02365383,0.02076669,0.01842859,0.01842859
"ETH","Ethiopia",16.25698471,16.25698471,16.25698471,16.25698471,16.25698471,16.25698471,17.07104301,12.69978809,14.19541454,29.63545799,22.23940277,32.3561554,33.34824371,46.76123047,33.59083939,34.44238663,37.52743149,27.94426346,23.27151108,23.43493462,18.26107597,20.23424911,35.35738373,36.14728546,34.14990616,34.44835281,34.44835281
"FJI","Fiji",7.85384846,7.85384846,7.85384846,7.85384846,7.85384846,7.85384846,9.57387257,8.80303478,7.06262207,13.62631989,8.71356678,4.67345905,3.52948213,6.41314888,6.83090591,6.31026602,4.88196516,6.72816944,4.98710251,4.07059574,2.54843497,3.08823633,2.32538366,2.10058045,7.21147633,3.17394185,3.17394185
"FIN","Finland",0.00604633,0.00604633,0.00604633,0.00604633,0.00604633,0.00604633,0.00953495,0.00950312,0.00385928,0.00177047,0.00144986,0.00142368,0.00122285,2.468e-05,0.00462677,0.00697872,0.00609815,0.0029315,0.00123792,0.00210506,0.00118064,0.00145534,0.00282098,0.00398112,0.0063641,0.00611898,0.00611898
"FRA","France",,,,,,,,,,,,,,,,,,,,,,,,,,,
"GAB","Gabon",2.12770414,2.12770414,2.12770414,2.12770414,2.12770414,2.12770414,1.32971859,1.62835813,1.64630151,1.58164966,3.95188093,2.32452798,2.78139234,2.07402563,1.51524651,1.1402396,1.08781314,0.48202243,0.36939061,0.99941117,0.82101429,0.6877262,0.6082381,1.22247517,0.56816685,10.77944469,10.77944469
"GMB","Gambia",74.54329681,74.54329681,74.54329681,74.54329681,74.54329681,74.54329681,72.88589478,74.81971741,73.02440643,70.81221008,68.56138611,65.91294098,65.68671417,62.65572739,57.25598145,54.09770966,51.75224304,47.22505951,46.01451492,27.99434471,34.95146942,26.72500992,36.683815,38.48213959,27.10829735,10.84510899,10.84510899
"GEO","Georgia",7.15883684,7.15883684,7.15883684,7.15883684,7.15883684,7.15883684,6.91197395,7.84641075,5.79915142,4.89596081,4.24870443,5.73012924,6.6974597,10.08454132,5.42679501,3.63636374,3.37904024,3.42309451,3.01685882,2.47967482,2.54069066,2.25773811,2.38087583,0.53532571,0.52821141,5.64257574,5.64257574
"DEU","Germany",,,,,,,,,,,,,,,,,,,,,,,,,,,
"GHA","Ghana",11.9952116,11.9952116,11.9952116,11.9952116,11.9952116,11.9952116,12.89880753,14.51563263,12.53483105,18.26754379,15.15801144,14.81380653,12.0655508,11.17617607,12.00945663,9.56419945,9.30906296,8.43076324,16.56103325,15.69008923,24.93173218,12.79747391,13.51196861,11.01575947,11.28267193,9.18877316,9.18877316
"GRC","Greece",0,0,0,0,0,0,0,0,0,0,0,0,0,0,0.00954611,0.01943432,0.18618846,0.14561565,0.82154316,1.30528772,1.61168659,0.25555748,0.17876692,0.13328013,0.13182873,0.15133707,0.15133707
"GRD","Grenada",1.51755834,1.51755834,1.51755834,1.51755834,1.51755834,1.51755834,1.44483924,1.2671963,1.35368943,0.8614099,0.70477843,3.23484063,2.11907148,4.20072842,1.3832854,1.21578825,0.00870002,0.11739743,0.2352608,0.35380879,0.31798393,0.28438109,0.20165643,0.26375881,0.09225875,0.67889535,0.67889535
"GTM","Guatemala",2.69831038,2.69831038,2.69831038,2.69831038,2.69831038,2.69831038,1.9061532,2.15235543,2.58997178,3.07541466,2.33605027,3.28337121,2.98863673,2.21389437,3.71946573,2.66473556,3.25614429,4.01598883,2.62795353,2.78953719,1.6775192,1.6469028,1.08229291,1.68230891,0.86716801,0.99105793,0.99105793
"GIN","Guinea",27.87071609,27.87071609,27.87071609,27.87071609,27.87071609,27.87071609,28.59572601,28.2800827,28.24958038,25.0572319,22.95732117,21.57073593,20.50650024,19.98521614,19.45820045,19.42275047,25.90081596,21.98635292,22.58197975,18.49852753,23.46262932,27.23295784,9.49532795,10.79292297,10.7964468,22.53902435,22.53902435
"GNB","Guinea-Bissau",11.17457676,11.17457676,11.17457676,11.17457676,11.17457676,11.17457676,13.29953384,27.55870247,23.50592041,22.51991844,25.86558533,25.8746376,29.04612732,28.09097099,22.29856873,41.64113235,52.93362045,28.2116375,24.06480789,36.07600021,23.46339226,26.69475555,21.16594315,25.7341671,25.30992317,24.0324192,24.0324192
"GUY","Guyana",0.14243084,0.14243084,0.14243084,0.14243084,0.14243084,0.14243084,0.637999,1.84835112,5.29683018,9.01349545,14.89758587,19.61869621,24.81287384,21.26828003,21.07645226,19.10718727,13.5727129,9.25717926,9.08328438,5.818326,4.76426315,4.45284081,4.01209021,3.16092062,2.69210863,1.52484226,1.52484226
"HTI","Haiti",31.48827362,31.48827362,31.48827362,31.48827362,31.48827362,31.48827362,33.00967407,34.86845779,34.37762833,33.40350342,33.01479721,45.22234726,34.89322662,35.82326126,35.12090683,46.15073395,64.68388367,60.74028778,48.3934021,54.94194794,50.87899399,49.43203354,33.95123751,40.86358611,42.25705542,30.56117912,30.56117912
"HND","Honduras",2.7811141,2.7811141,2.7811141,2.7811141,2.7811141,2.7811141,1.85194302,4.27599144,9.52238274,9.75456238,8.48487282,5.17399549,5.82112026,7.16688108,8.33611298,7.53666019,6.13482237,7.06629562,5.26468992,6.25401783,5.02577019,4.95717335,3.69296241,2.95789766,2.64020228,5.65969276,4.97716427
"HUN","Hungary",0,0,0,0,0,0,0,0,0,0,0,0,0,0,0,0,0,0,0,0,0,0,0,0,0,0,0
"ISL","Iceland",0,0,0,0,0,0,0,0,0,0,0,0,0,0,0,0,0,0,0,0,0,0,0,0,0,0,0
"IND","India",2.68156767,2.68156767,2.68156767,2.68156767,2.68156767,2.68156767,2.32904196,2.45289254,1.51889133,2.23435068,1.53180611,1.43511713,1.51285565,1.8706342,1.01849651,0.97050869,0.86978596,0.9425528,0.27013245,0.74758422,0.71176356,0.64179951,0.58871472,0.46161893,0.87349886,0.98762763,0.98762763
"IDN","Indonesia",2.92194533,2.92194533,2.92194533,2.92194533,2.92194533,2.92194533,4.03430843,1.3698715,1.25123096,1.92621684,1.62566638,1.35958803,1.65610123,1.17098391,1.61047709,0.85548997,0.95352107,0.96095127,1.14404118,2.02952504,0.4901185,0.52739972,0.68619859,0.40497854,0.55616313,0.50318676,0.50318676
"IRN","Iran, Islamic Republic of",0.03213045,0.03213045,0.03213045,0.03213045,0.03213045,0.03213045,0.03213045,0.03213045,0.03213045,0.03213045,0.03213045,0.03213045,0.03213045,0.03213045,0.03213045,0.03213045,0.03213045,0.03213045,0.03213045,0.03213045,0.03213045,0.03213045,0.02155046,0.02105307,0.0149463,0.00996638,0.00996638
"IRQ","Iraq",0,0,0,0,0,0,0,0,0,0,0,0,3.79344225,0,0,0,0.00860493,0.73819375,0.73205227,0.73442358,0.27033681,0.39029104,0.08311984,0.50444227,0.53258473,0.3694579,0.3694579
"IRL","Ireland",,,,,,,,,,,,,,,,,,,,,,,,,,,
"ISR","Israel",2.32931471,2.32931471,2.32931471,2.32931471,2.32931471,2.32931471,2.00613737,2.22130418,2.01321959,2.25946832,2.04154444,1.43766606,1.2978034,1.39181936,1.30442321,1.29174137,1.34634233,1.4116447,1.38764489,1.33274436,1.40435195,1.33861947,1.37674665,1.3860333,1.9170897,1.16219234,1.16219234
"ITA","Italy",,,,,,,,,,,,,,,,,,,,,,,,,,,
"JAM","Jamaica",0.24130119,0.24130119,0.24130119,0.24130119,0.24130119,0.24130119,0.51798779,0.68828112,0.71478754,1.82004178,1.36601472,1.60309124,1.81668878,1.60756385,2.43616128,2.18877196,2.26763463,3.24729013,1.01295555,1.41637099,1.40154922,1.57472765,1.43070424,1.49903858,1.59238422,1.52716148,1.52716148
"JPN","Japan",0,0,0,0,0,0,0,0,0,0,0,0,0,0,0,0,0,0,0,0,0,0,0,0,0,0,0
"JOR","Jordan",2.59515572,2.59515572,2.59515572,2.59515572,2.59515572,2.59515572,2.70270276,2.13414645,3.6418817,14.24657536,2.90771174,5,3.27706051,1.39194143,3.85812068,4.51080036,3.7470727,6.15034151,6.33200216,5.88547182,0.8010118,4.19833946,9.3012476,4.44662285,3.13941145,4.70915604,4.70915604
"KAZ","Kazakhstan",0,0,0,0,0,0,0,0,0,0,0,0,0,0,0,1.06958842,0.13704962,0.15219624,0.18265615,0.11928894,0.08288634,0.18342023,0.18244004,0.15486297,0.15486297,0.15486297,0.15486297
"KEN","Kenya",13.88037395,13.88037395,13.88037395,13.88037395,13.88037395,13.88037395,14.19604874,15.66774178,16.67730904,20.33462715,18.8107357,30.20254517,30.15893555,30.17814255,29.32873154,28.80493546,26.32249451,24.31078529,22.64751053,20.01926231,17.92063522,16.20617104,21.08673096,22.1549015,18.50995064,17.89884758,17.89884758
"KIR","Kiribati",0,0,0,0,0,0,1.49644625,1.75632191,1.31677949,0.74420941,0.97252667,14.71540165,17.07786942,23.03377151,33.60844421,5.16099882,1.55702436,7.17942381,14.43233299,13.89810753,10.7152195,8.079319,21.21818542,22.93151855,14.78945732,17.33725166,17.33725166
"PRK","Korea, Democratic People's Repub",,,,,,,,,,,,,,,,,,,,,,,,,,,
"KOR","Korea, Republic of",0,0,0,0,0,0,0,0,0,0,0,0,0,0,0,0,0,0,0,0,0,0,0,0,0,0,0
"KWT","Kuwait",0,0,0,0,0,0,0,0,0,0,0,0,0,0,0,0,0,0,0,0,0,0,0,0,0,0,0
"KGZ","Kyrgyzstan",0,0,0,0,0,0,0,0,10.00204182,15.72711468,6.43977356,10.14785576,12.58087826,6.94320059,10.95561028,7.77112436,4.49704218,7.15380096,5.37857103,6.31272554,7.50359297,3.83458447,5.64198399,4.9450717,2.32294869,9.17079926,9.17079926
"LAO","Lao People's Democratic Republic",9.8260746,9.8260746,9.8260746,9.8260746,9.8260746,9.8260746,20.51770973,15.64309025,13.90244102,22.3620739,20.21408081,27.84760666,23.54574203,21.9759922,19.59241486,16.71572495,27.60452843,27.02466965,18.99671936,16.78850174,16.96152306,18.11935997,16.67073631,12.45091534,21.20898628,15.358881,15.358881
"LVA","Latvia",0.45042363,0.45042363,0.45042363,0.45042363,0.45042363,0.45042363,0.45042363,0.45042363,0.45042363,0.45042363,0.31461379,0.18368322,0.05275265,0.09869838,0.47887734,0.00661889,0.0290832057142857,0.0515475214285714,0.0740118371428571,0.0964761528571429,0.118940468571429,0.141404784285714,0.1638691,0.16463046,0.26571643,0.16768952,0.16768952
"LBN","Lebanon",0.09588927,0.09588927,0.09588927,0.09588927,0.09588927,0.09588927,0.23702459,0.28536949,0.4679125,0.85568798,0.47526205,0.88925803,1.11264598,1.09717047,1.78924203,0.7707637,0.7170909,0.49986079,1.02852094,0.89013165,3.26179004,2.57487535,2.49988508,1.02910602,0.95518094,0.8258695,0.8258695
"LSO","Lesotho",3.86585546,3.86585546,3.86585546,3.86585546,3.86585546,3.86585546,6.78146219,10.62688732,8.65831852,11.47111225,17.35469818,13.57108784,11.6186657,20.89447784,25.80839348,20.17366028,25.33017159,29.05782509,34.72351456,29.92179871,24.37216187,24.54988098,28.52085114,37.51856613,41.58234024,33.3241539,33.3241539
"LBR","Liberia",8.19962692,8.19962692,8.19962692,8.19962692,8.19962692,8.19962692,14.05385303,14.30776596,15.86944103,11.23661804,17.68288803,19.10828972,20.2363739,18.23444366,37.40436172,36.96079254,32.2122345,41.02036667,43.90503311,36.43601608,33.26671982,30.19908905,33.63844681,31.07406807,24.5291729,32.02683258,32.02683258
"LBY","Libyan Arab Jamahiriya",0,0,0,0,0,0,0,0,0,0,0,0.01441521,0.02895307,0.07616367,0.10656881,0.08825807,0.03778459,0.03778459,0.03778459,0.03778459,0.03778459,0.03778459,0.03778459,0.03778459,0.03778459,0.03778459,0.03778459
"LIE","Liechtenstein",,,,,,,,,,,,,,,,,,,,,,,,,,,
"LTU","Lithuania",0.04118577,0.04118577,0.04118577,0.04118577,0.04118577,0.04118577,0.07125173,0.12887903,0.14676957,0.06334021,0.08312792,0.06532694,0.08969682,0.09728573,0.10599636,0.16750419,0.17226104,0.13830599,0.14442115,0.13241525,0.29291639,0.23244102,0.15090045,0.31288689,0.36057585,0.56600046,0.56600046
"LUX","Luxembourg",0.00341894,0.00341894,0.00341894,0.00341894,0.00341894,0.00341894,0.00341894,0.00341894,0.00341894,0.00341894,0.00341894,0.00341894,0.00341894,0.00341894,0.00341894,0.00341894,0.00341894,1.52649498,1.4627763,1.3974092,1.38444018,1.31998122,1.38019812,1.41230023,1.33139455,1.24359286,1.22478426
"MKD","Macedonia",3.93561554,3.93561554,3.93561554,3.93561554,3.93561554,3.93561554,2.36361909,3.88939142,0.90477175,1.3336699,1.47766614,2.66564202,0.99179626,2.99396801,1.84719968,0.69487023,1.08393919,1.26656079,0.26687226,0.80453187,0.36388254,0.72738773,0.13301931,0.00153969,0.00153969,0.00153969,0.00153969
"MDG","Madagascar",13.99303532,13.99303532,13.99303532,13.99303532,13.99303532,13.99303532,19.84746361,19.59076691,11.26768398,21.21311951,23.20111084,24.54925346,17.09516907,20.36952591,26.16398239,15.95605755,26.60904694,19.6428833,20.36080742,25.14611626,28.39437675,26.43549538,22.72820091,29.53611565,28.36381912,21.79020691,21.79020691
"MWI","Malawi",35.12856293,35.12856293,35.12856293,35.12856293,35.12856293,35.12856293,35.75968552,46.02692795,45.87962723,66.07184601,62.4583168,62.60955048,65.26979065,57.16920853,62.12399673,62.76517868,64.41842651,70.78819275,68.25177765,63.03597641,53.5009079,53.71352768,59.85520554,57.43753433,43.55862427,36.2321434,36.2321434
"MYS","Malaysia",0,0,0,0,0,0,0,0,0,0,0,0,0.00320123,0.00166658,0.00137672,0.00035711,0.00039235,0,0,0,0,0,0,0,0,0.01116367,0.01116367
"MDV","Maldives",0,0,0,0,0,0,0.10538656,0.90627849,0.81383491,0.47048956,0.60390723,0.82120174,0.22810693,0.77078265,0.45457184,0.34219143,0.68721086,1.0486325,0.89032918,0.61913019,0.43325916,0.47173733,0.37944397,1.17921603,2.44034147,1.69462264,1.69462264
"MLI","Mali",5.79987049,5.79987049,5.79987049,5.79987049,5.79987049,5.79987049,6.87295341,14.1931963,8.92386532,12.09313488,14.20139408,19.06585312,17.84543037,20.63776016,23.54937363,27.35235023,32.54420471,41.66555405,42.10644913,44.34458923,41.31540298,30.22788048,28.62526512,34.99575043,33.67578125,35.58241653,35.58241653
"MLT","Malta",0.01622057,0.01622057,0.01622057,0.01622057,0.01622057,0.01622057,0.01622057,0.01622057,0.01622057,0.01622057,0.01622057,0.01622057,0.01622057,0.01622057,0.01622057,0.01622057,0.01622057,0.01622057,0.01622057,0.01622057,0.01622057,0.01622057,0.01622057,0.01622057,0.00847565,0,0
"MHL","Marshall Islands",40.02908707,40.02908707,40.02908707,40.02908707,40.02908707,40.02908707,40.9506073,44.44372559,46.41804886,52.33841705,67.66761017,74.84726715,49.93323898,57.28064728,55.67425919,60.59221268,48.11539459,46.90641785,44.22947311,48.73859787,52.01264572,50.53026962,51.05590439,46.48692322,48.30961609,44.89000702,44.89000702
"MRT","Mauritania",4.35133123,4.35133123,4.35133123,4.35133123,4.35133123,4.35133123,3.87625837,4.94126129,9.28039932,7.08077526,5.26137352,2.50599933,4.18529797,5.18897581,5.24780512,5.91367626,5.34053659,5.29262877,8.92682362,10.29268265,8.63764763,2.35503936,8.54284954,9.28334332,11.95059204,7.51276827,7.51276827
"MUS","Mauritius",0.30235171,0.30235171,0.30235171,0.30235171,0.30235171,0.30235171,0.56388438,0.3091923,0.1115699,0.02977149,0.03942548,0.0813216,0.16568857,0.91755688,1.74640274,1.88306737,3.92855287,2.16397595,1.41865468,0.45758918,2.59900188,0.22603256,0.50069499,0.49901187,0.29232174,0.19690368,0.19690368
"MEX","Mexico",0.02066223,0.02066223,0.02066223,0.02066223,0.02066223,0.02066223,0.02066223,0.02066223,0.02066223,0.02066223,0.02066223,0.02066223,0.02066223,0.02066223,0.02066223,0.02066223,0.02066223,0.02066223,0.02066223,0.02066223,0.02066223,0.02066223,0.02066223,0.02066223,0.02066223,0.02066223,0.02066223
"FSM","Micronesia, Federated States of",72.18376923,72.18376923,72.18376923,72.18376923,72.18376923,72.18376923,73.15505981,72.62217712,72.69007111,75.98594666,81.58046722,70.27774811,72.79373169,71.00959015,78.52959442,79.01208496,73.51158905,75.856987,74.40898132,68.88399506,71.57808685,71.10118866,71.64311218,71.28076172,69.01084137,73.36490631,73.36490631
"MDA","Moldova, Republic of",3.87359619,3.87359619,3.87359619,3.87359619,3.87359619,3.87359619,2.10202026,4.06543446,4.32540703,2.27422261,4.37655783,4.16143894,3.67583871,3.27189636,10.80488014,11.96709919,7.33437538,8.02865219,9.92383194,11.40310669,7.27966833,3.69476581,4.69927168,2.71713424,3.41041398,3.09244394,3.09244394
"MCO","Monaco",,,,,,,,,,,,,,,,,,,,,,,,,,,
"MNG","Mongolia",1.11642504,1.11642504,1.11642504,1.11642504,1.11642504,1.11642504,3.62320399,4.86164093,3.87979627,6.52064085,3.86444163,4.25196457,2.76487374,5.85410786,5.69015789,4.34730005,6.17332363,5.77322054,5.10384321,6.02919722,4.45275545,5.88100195,2.86639476,5.41298103,7.64230347,7.31017637,7.31017637
"MNE","Montenegro",,,,,,,,,,,,,,,,,,,,,,,,,,,
"MAR","Morocco",0.39864129,0.39864129,0.39864129,0.39864129,0.39864129,0.39864129,0.46248123,0.78767413,1.08487773,1.34776056,0.63327235,0.29296973,1.27529931,0.78664064,1.64205134,0.45711282,0.65455669,0.93984002,0.32120803,1.01806724,1.09044969,0.31129405,0.29096925,0.18119994,0.73785597,2.09534812,2.09534812
"MOZ","Mozambique",9.58997059,9.58997059,9.58997059,9.58997059,9.58997059,9.58997059,25.96186638,34.77333069,42.00235748,52.02708054,53.24565506,57.6572113,56.0282402,58.49479675,65.19073486,68.00089264,66.14413452,58.38664246,58.56497955,53.96799088,54.68386459,59.04349899,62.06731796,62.33158112,61.40112305,52.10162354,52.10162354
"MMR","Myanmar",1.18507862,1.18507862,1.18507862,1.18507862,1.18507862,1.18507862,2.83329773,3.84969854,6.62721157,10.23477936,10.20618629,13.03621197,7.79324102,9.43522644,9.06939697,9.41456032,10.76209259,6.08105755,8.89437675,9.77963448,7.55755901,9.34164619,9.51738834,8.72342968,8.28590393,5.85570532,5.85570532
"NAM","Namibia",5.17074633,5.17074633,5.17074633,5.17074633,5.17074633,5.17074633,5.86014891,5.86645126,6.17023659,13.97115993,20.68772888,24.1454525,19.68076324,21.64827156,19.47228622,14.25587749,10.89849854,7.93326235,6.43953419,6.02457619,5.71119118,6.97082663,6.77478266,4.66934395,4.69344902,5.10026503,5.10026503
"NRU","Nauru",7.74589109,7.74589109,7.74589109,7.74589109,7.74589109,7.74589109,14.92078304,22.35637856,16.73130989,16.5656662,2.54139757,5.66048622,26.48051262,40.94337845,41.80765152,33.75688171,36.00324631,48.50147247,37.65490723,16.38991737,35.33993912,5.66647959,23.08889389,8.93826199,7.30366945,22.25793839,22.25793839
"NPL","Nepal",21.5200367,21.5200367,21.5200367,21.5200367,21.5200367,21.5200367,26.80519485,21.63855553,22.67845917,25.4759407,23.7328186,26.37246895,14.27212811,14.82347012,15.75572968,13.8546381,10.72894096,13.46671486,11.90593529,13.72176933,14.37321758,11.70784855,15.41711617,13.53797245,11.90940666,10.54971123,10.54971123
"NLD","Netherlands",0.13204731,0.13204731,0.13204731,0.13204731,0.13204731,0.13204731,0.13131808,0.13842747,0.12488427,0.12857202,0.12771392,0.04898267,0.01427221,0.01165928,0.01601538,0.01540595,0.02103523,0.01598465,0.02145892,0.01550082,0.02246055,0.02468526,0.01608277,0.02578882,0.02547091,0.02356955,0.02356955
"NZL","New Zealand",,,,,,,,,,,,,,,,,,,,,,,,,,,
"NIC","Nicaragua",3.5858252,3.5858252,3.5858252,3.5858252,3.5858252,3.5858252,10.60498333,8.49235535,13.73978138,18.59580231,18.38009071,10.95277691,10.9606657,12.73998451,9.8219471,14.19771099,12.6313343,10.10047531,10.08552742,10.27891827,6.24294519,5.21909714,6.04934263,4.16103935,3.58395338,4.27029324,4.27029324
"NER","Niger",9.26674557,9.26674557,9.26674557,9.26674557,9.26674557,9.26674557,9.34281349,9.44690228,10.13472939,10.29427052,10.62482929,10.52245617,13.10548782,12.35192299,11.96001339,12.31034565,10.7340517,13.17387104,11.84974003,13.25664997,24.55548859,14.76120186,14.47688198,11.80958366,15.24877357,15.66945648,15.66945648
"NGA","Nigeria",16.96758652,16.96758652,16.96758652,16.96758652,16.96758652,16.96758652,6.71516037,7.30478525,5.7153182,6.2206955,5.44647121,5.40904903,5.90033722,6.06478882,6.21556139,6.25740099,7.85745382,8.41891193,12.44294357,12.27967644,9.91574001,10.3171196,7.59491062,7.16919279,11.74653053,9.58338356,9.58338356
"NOR","Norway",0,0,0,0,0,0,0,0,0,0,0,0,0,0.05396446,0.05173165,0.05112984,0,0,0,0,0,0,0,0,0,0,0
"OMN","Oman",0,0,0,0,0,0,0,0,0,0,0,0,0,0,0,0,0,0,0,0,0,0,0,0,0,0,0
"PAK","Pakistan",0.72820544,0.72820544,0.72820544,0.72820544,0.72820544,0.72820544,1.66060555,4.62590981,6.91953564,3.6868794,4.65661287,3.45903426,4.20799917,7.66359359,5.97418196,5.56323259,8.6480676,5.18500745,7.48269558,8.26293457,4.76362349,6.2663111,5.47450413,6.93023397,7.31054047,6.31032955,6.31032955
"PLW","Palau",25.54813766,25.54813766,25.54813766,25.54813766,25.54813766,25.54813766,26.90623283,29.29462624,30.30425072,35.10393906,37.35832596,34.91724014,37.3200531,37.76757431,29.71576309,35.79327393,31.7969265,32.78667831,29.15346336,31.81956673,31.03820801,15.35287476,14.40408707,2.55117035,25.96737671,0.41661522,0.41661522
"PAN","Panama",0.33072627,0.33072627,0.33072627,0.33072627,0.33072627,0.33072627,0.36847967,0.42439502,0.42372942,0.208444,0.24953961,0.14609973,0.11725353,0.17801115,0.11212121,0.65568179,0.25258759,0.13471705,0.18938561,0.50273293,0.09704008,0.08500462,0.05576079,0.08308023,0.08409668,0.27383262,0.27383262
"PNG","Papua New Guinea",6.25822687,6.25822687,6.25822687,6.25822687,6.25822687,6.25822687,18.65212631,27.68102264,33.12045288,25.97992706,25.93843079,24.74938011,24.70949554,20.39628029,22.77321625,26.01836967,22.49976921,22.45290565,27.2155323,32.27318192,11.87697506,17.85932541,15.58891582,19.96677589,32.14748764,23.14699745,23.14699745
"PRY","Paraguay",2.93196416,2.93196416,2.93196416,2.93196416,2.93196416,2.93196416,1.68857896,1.70345485,1.51216161,1.29263496,0.66981578,0.53093177,0.41532418,0.57264763,0.87065142,0.86989206,0.8076635,0.53232646,0.54069453,0.34754372,0.32213777,0.35813701,0.28326312,0.06466379,0.00630664,0.00384569,0.00384569
"PER","Peru",0.23592959,0.23592959,0.23592959,0.23592959,0.23592959,0.23592959,0.55002111,0.58375984,2.33051658,2.00107193,2.10336757,1.79810882,0.9974888,0.73521042,1.87266493,1.15977967,1.00940764,0.64509237,0.47907084,0.2789534,0.23577455,0.20859326,0.24473742,0.19882652,0.19583365,0.21716134,0.21716134
"PHL","Philippines",3.53257608,3.53257608,3.53257608,3.53257608,3.53257608,3.53257608,3.79089212,2.83174682,3.37007642,3.90647697,4.21309376,3.82878137,1.95236897,1.47725832,2.32747269,1.79249763,0.95750284,1.02682304,1.7428925,1.48819351,1.44088197,2.26575089,2.19395947,0.31150675,0.40589947,0.74480969,5.26290226
"POL","Poland",0.0178444,0.0178444,0.0178444,0.0178444,0.0178444,0.0178444,0.0178444,0.0178444,0.0178444,0.00493072,0.00513213,0.021899125,0.03866612,0.055433115,0.07220011,0.088967105,0.1057341,0.122501095,0.13926809,0.03795471,0.0382021,0.01970858,0.03039442,0.05831454,0.0551683,0.06078681,0.06078681
"PRT","Portugal",0.04074242,0.04074242,0.04074242,0.04074242,0.04074242,0.04074242,0.04182993,0.04550717,0.04351871,0.04340906,0.04181558,0.04436614,0.04557913,0.04777553,0.05120731,0.04883625,0.05252285,0.05601,0.05675227,0.06061281,0.06092098,0.08961494,0.09432669,0.06990038,0.07403812,0.07532796,0.07532796
"QAT","Qatar",0,0,0,0,0,0,0,0,0,0,0,0,0,0,0,0,0,0,0,0,0,0,0,0,0,0,0
"ROU","Romania",0,0,0,0,0,0,0,0,0.00388026,0.47901869,0.41810924,0.17662254,0.15762985,0.04388796,0.03247795,0.08039403,0.01522125,0,0.21516773,0.04314993,0.06155309,0.07995625,0.09835941,0.11676257,0.13516573,0.15356889,0.15356889
"RUS","Russian Federation",0.20359808,0.20359808,0.20359808,0.20359808,0.20359808,0.20359808,0.19904537,0.18727762,0.15052575,0.12665792,0.09956085,0.08001757,0.06503638,0.05072163,0.0461105727272727,0.0414995154545455,0.0368884581818182,0.0322774009090909,0.0276663436363636,0.0230552863636364,0.0184442290909091,0.0138331718181818,0.00922211454545454,0.00461105727272727,0,0,0
"RWA","Rwanda",46.56900787,46.56900787,46.56900787,46.56900787,46.56900787,46.56900787,40.83420181,35.20578384,42.43741226,47.24222946,50.26538086,57.04694748,55.31784439,53.01771545,52.91990662,51.93137741,49.42181396,53.33390427,44.25626373,47.08756256,42.19313431,43.25985718,39.33655167,39.16656494,33.44730377,36.04462051,36.04462051
"KNA","Saint Kitts and Nevis",0,0,0,0,0,0,0,0,0,0.98745072,0.07543384,0.00478097,0.2070276,3.37402987,2.34503484,1.49098992,1.72860801,0,0.2437553,0,0,0,0,0,0,0,0
"LCA","Saint Lucia",0,0,0,0,0,0,0,0.23249525,0.51213729,0.53630054,2.18108988,3.15265512,1.14119864,2.04129624,1.87984169,2.19075203,2.12923098,0.42251652,0.75037915,0.40941036,0.90476263,3.53650928,1.1111716,0.46817547,0.99178994,13.77341652,13.77341652
"VCT","Saint Vincent and the Grenadines",0,0,0,0,0,0,0,0,0,0,0.20415659,1.93960512,4.59524012,2.5166564,2.07500958,5.18988705,7.30549288,2.81182814,1.46811795,1.8074137,1.57768023,0.47994718,1.2206291,0.3945052,1.54594779,3.00696898,3.00696898
"WSM","Samoa",4.37153959,4.37153959,4.37153959,4.37153959,4.37153959,4.37153959,3.29835486,9.70989895,17.10165405,19.37798882,17.47062492,15.83465195,16.91613579,8.26935673,8.92312336,11.13249207,18.77983665,6.76438189,23.44854927,17.73522758,8.50296593,7.83765745,11.22932243,8.76984024,11.62413025,15.41226768,15.41226768
"SMR","San Marino",,,,,,,,,,,,,,,,,,,,,,,,,,,
"STP","Sao Tome and Principe",26.65034103,26.65034103,26.65034103,26.65034103,26.65034103,26.65034103,25.88805389,26.09589577,21.99215126,23.34690285,24.99490738,56.62601471,47.1043129,55.21462631,50.54855347,46.78782272,44.63442993,46.86606979,49.76072311,47.94471741,51.0309639,43.8858757,37.90641403,33.94940186,34.67308044,27.19290352,27.19290352
"SAU","Saudi Arabia",0,0,0,0,0,0,0,0,0,0,0,0,0,0,0,0,0,0,0,0,0,0,0,0,0,0,0
"SEN","Senegal",3.97979498,3.97979498,3.97979498,3.97979498,3.97979498,3.97979498,3.59411407,5.00747585,2.92785454,2.14929008,6.60517597,5.43387508,5.81683683,6.48130226,6.78883362,12.32069206,8.53315353,9.34162045,9.42251778,18.3746891,18.00409889,17.35085106,18.33994865,20.39443207,19.27778053,16.80894089,16.80894089
"SRB","Serbia",1.19921136,1.19921136,1.19921136,1.19921136,1.19921136,1.19921136,1.19921136,1.19921136,1.19921136,1.1347568,0.77610981,0.7022211,0.58064646,0.20037164,0.30565661,0.89677894,0.81293714,0.7500059,0.67659742,0.55947417,0.40654296,0.43460336,0.19208942,0.68446821,1.64106297,0.76609516,0.76609516
"SYC","Seychelles",0,0,0,0,0,0,0.21525808,0.76925993,0.91879821,2.37785339,0.63811779,0.64278692,0.50114727,0.42946264,0.37973118,2.10186458,6.87462425,1.634076,2.93296409,0.45238915,0.33859235,3.91719818,0.58811045,0.38001379,0,0.22237852,0.22237852
"SLE","Sierra Leone",5.80867529,5.80867529,5.80867529,5.80867529,5.80867529,5.80867529,5.46418524,6.3760705,8.37129784,13.35857296,17.15160561,20.11338043,16.08278847,17.78480721,21.45944786,24.1425457,23.13218307,17.56441879,29.84643173,52.98495483,50.17553711,40.99376297,34.75718689,28.87133408,29.98224449,27.94998169,27.94998169
"SGP","Singapore",0,0,0,0,0,0,0,0,0,0,0,0,0,0,0,0,0,0,0,0,0,0,0,0,0,0,0
"SVK","Slovakia",,,,,,,,,,,,,,,,,,,,,,,,,,,
"SVN","Slovenia",0.22349603,0.22349603,0.22349603,0.22349603,0.22349603,0.22349603,0.22349603,0.22349603,0.22349603,0.22349603,0.22349603,0.22349603,0.22349603,0.22349603,0.22349603,0.22349603,0.22349603,0.22349603,0.22349603,0.22349603,0.22349603,0.22349603,0.22349603,0.22349603,0.22349603,0.22349603,0.22349603
"SLB","Solomon Islands",2.51974964,2.51974964,2.51974964,2.51974964,2.51974964,2.51974964,4.14907265,40.6303215,23.03919029,34.04341125,26.8329277,31.74791336,27.99641609,38.98187256,50.27738953,32.6362381,39.61252213,36.51576996,36.25020599,36.61351395,27.87341881,25.29074287,22.24920273,17.78619957,21.00585556,14.99288464,14.99288464
"SOM","Somalia",,,,,,,,,,,,,,,,,,,,,,,,,,,
"ZAF","South Africa",0.64495867,0.64495867,0.64495867,0.64495867,0.64495867,0.64495867,0.63960791,0.64211953,5.54679585,5.4504323,11.78583527,6.42910051,7.2983675,8.06448936,8.09347248,7.64232397,7.09629297,6.6337676,6.74055386,1.73175645,1.6734798,2.04399228,1.08640862,1.13865542,1.12503052,1.34064996,1.34064996
"ESP","Spain",,,,,,,,,,,,,,,,,,,,,,,,,,,
"LKA","Sri Lanka",0.91352248,0.91352248,0.91352248,0.91352248,0.91352248,0.91352248,0.71974099,0.1976831,1.05942082,0.50929457,0.84401083,2.4776907,1.10605049,0.85778415,1.20684171,1.15996647,0.51093251,0.38006321,0.64544159,1.20733893,1.36929429,0.86831564,2.93878126,1.49495602,1.51548052,1.77634406,1.77634406
"SDN","Sudan",1.47526622,1.47526622,1.47526622,1.47526622,1.47526622,1.47526622,1.47526622,1.47526622,1.47526622,1.40056026,2.67882586,4.53977489,2.68199229,2.47652745,3.65839458,3.01768994,7.9209609,4.28994083,5.01028585,3.69378376,1.9375,2.03206205,5.97516142,6.40590143,8.52681215,6.89716196,6.89716196
"SUR","Suriname",14.4057827,14.4057827,14.4057827,14.4057827,14.4057827,14.4057827,0.17065579,5.91088772,6.29966021,7.05538225,4.35974693,8.22498322,2.05303121,3.22195005,3.24005246,6.40921593,4.15997648,1.74175942,0.71518445,0.68518949,0.30730921,1.38092542,0.58643663,1.31465459,0.60143375,1.0670172,1.0670172
"SWZ","Swaziland",4.13562393,4.13562393,4.13562393,4.13562393,4.13562393,4.13562393,11.09671402,15.82381535,18.22595978,20.50225639,18.8279438,25.95579529,23.43642616,24.30826187,23.1753788,25.54747581,32.03874969,30.95792389,29.95048714,36.72040558,32.6674881,32.6483078,23.74609756,29.59338951,26.11368942,22.45672417,22.45672417
"SWE","Sweden",,,,,,,,,,,,,,,,,,,,,,,,,,,
"CHE","Switzerland",0,0,0,0,0,0,0,0,0,0,0,0,0,0,0,0,0,0,0,0,0,0,0,0,0,0,0
"SYR","Syrian Arab Republic",0.14321572,0.14321572,0.14321572,0.14321572,0.14321572,0.14321572,0.20714676,0.42535233,0.33773613,0.28746346,0.15630192,1.57295752,0.74645495,0.83883989,1.12962019,1.20271111,1.41760838,1.02350354,1.02350354,1.02350354,1.02350354,1.02350354,1.02350354,1.02350354,1.02350354,1.02350354,1.02350354
"TJK","Tajikistan",0.08713307,0.08713307,0.08713307,0.08713307,0.08713307,0.08713307,4.36565876,3.51317477,9.43117714,8.59410858,13.33519077,11.09483528,9.65007401,8.04975224,11.76084328,8.91756439,14.49696445,8.4896822,8.81986237,6.31620502,7.48362398,5.18963099,7.65120125,4.33836746,1.32088864,8.41079235,8.41079235
"TZA","Tanzania, United Republic of",37.63004303,37.63004303,37.63004303,37.63004303,37.63004303,37.63004303,31.57694244,27.40699577,27.04301262,27.03125191,28.56684303,42.02802277,42.40918732,25.77309799,34.98479843,39.41905975,44.91263962,48.33276367,48.48672104,43.56936646,37.84333801,36.4148674,39.20875168,40.82847214,36.78181458,33.19992828,33.19992828
"THA","Thailand",0.00790254,0.00790254,0.00790254,0.00790254,0.00790254,0.00790254,0.020132,0.21093203,0.18175969,0.17912179,0.05723163,0.05589529,0.05339865,0.12967366,0.07150743,0.13035177,0.19192585,0.13124737,0.31129634,0.33892402,0.2788088,0.08811457,0.08552195,0.14835918,0.11180709,0.07918949,0.07918949
"TLS","Timor-Leste",7.54462099,7.54462099,7.54462099,7.54462099,7.54462099,7.54462099,7.54462099,7.54462099,7.54462099,20.15923309,20.40249062,35.63311386,64.18521881,39.69264984,46.63046265,37.31924438,37.66891479,31.15744019,40.92975616,34.28848648,31.28039742,39.15188599,22.38880348,28.10083389,31.83677673,38.03737259,38.03737259
"TGO","Togo",3.96074605,3.96074605,3.96074605,3.96074605,3.96074605,3.96074605,4.50403786,4.97496033,5.78292608,6.95881319,7.95298243,9.26572037,9.93456745,10.78219318,10.64279652,5.84817886,8.39011097,10.18791485,16.39874649,14.98392868,15.53202152,15.35426712,15.21286869,9.6432972,9.2505188,10.07957745,10.07957745
"TON","Tonga",1.20054114,1.20054114,1.20054114,1.20054114,1.20054114,1.20054114,12.34598732,11.15757942,12.28062153,32.12937927,24.6378746,35.01436615,17.60394287,41.15428162,4.2612505,26.08644295,12.46342468,36.4302597,16.7095871,31.88995552,26.97960091,28.60543823,30.85214615,23.54791641,29.65238762,34.18570328,34.18570328
"TTO","Trinidad and Tobago",0,0,0,0,0,0,0.00146895,0.13193136,0.08549978,0.1194863,0.1669527,0.18052676,0.19153391,0.35782188,0.24053785,0.21553576,0.21518728,0.1179575,0.08364885,0.07591271,0.10676008,0.07281784,0,0.01206123,0.06341973,0.03584665,0.03584665
"TUN","Tunisia",0.10095035,0.10095035,0.10095035,0.10095035,0.10095035,0.10095035,0.09090243,0.08141979,0.07250696,0.06416482,0.06327632,0.3136695,0.55569482,0.796727,1.02423036,1.1983695,1.38067675,0.09904423,0.10349941,0.06080653,0.03129901,0.64350939,0.4659085,0.4897238,0.42719012,0.5361464,0.5361464
"TUR","Turkey",,,,,,,,,,,,,,,,,,,,,,,,,,,
"TKM","Turkmenistan",0.01402344,0.01402344,0.01402344,0.01402344,0.01402344,0.01402344,0.06921124,0.16243437,0.23463742,0.10487074,0.10468617,0.117676,0.17343986,0.26290041,0.30112383,0.21658851,0.45503187,0.43405142,0.16067237,0.28281063,0.24279439,0.18746544,0.09537169,0.43876922,0.0993447,0.17275262,0.17275262
"TUV","Tuvalu",0.0188547,0.0188547,0.0188547,0.0188547,0.0188547,0.0188547,4.5117116,5.60342646,7.56732178,3.41215086,2.37498379,15.69500065,4.98869991,1.80626631,14.11152554,12.48131752,11.69814777,8.8734169,27.19496727,14.21625519,23.74439049,21.11739731,29.54072762,15.00132942,22.68303299,13.60326385,13.60326385
"UGA","Uganda",31.46318817,31.46318817,31.46318817,31.46318817,31.46318817,31.46318817,29.3264122,24.1300621,18.6159687,30.69770432,31.98174286,29.23351097,26.98467445,28.37064743,41.47688675,45.1235199,50.18870926,46.01364136,37.431427,35.97454071,42.92503738,41.26190948,43.14041901,43.51276779,42.01983261,41.0824585,41.0824585
"UKR","Ukraine",0.13894624,0.13894624,0.13894624,0.13894624,0.13894624,0.13894624,0.1147988,0.10413306,0.05146734,0.42365521,0.24325232,0.49067384,0.65767807,0.6724003,0.80866516,0.735309,0.42780468,0.56744689,0.67335081,0.9066363,1.72493994,1.20395374,1.66340685,1.01404274,0.67960632,0.67960632,0.67960632
"ARE","United Arab Emirates",0,0,0,0,0,0,0,0,0,0,0,0,0,0,0,0,0,0,0,0,0,0,0,0,0,0,0
"GBR","United Kingdom",0.0078205,0.0078205,0.0078205,0.0078205,0.0078205,0.0078205,0.00792872,0.0080893,0.00835101,0.00774056,0.0079496,0.0080889,0.00780954,0.00780189,0.00730898,0.00779023,0.00849684,0.00901168,0.00982448,0.00962737,0.01057366,0.01138963,0.01245975,0.01280172,0.0136799,0.01322497,0.01322497
"USA","United States",0,0,0,0,0,0,0,0,0,0,0,0,0,0,0,0,0,0,0,0,0,0,0,0,0,0,0
"URY","Uruguay",0.02171363,0.02171363,0.02171363,0.02171363,0.02171363,0.02171363,0.02024993,0.01972428,0.06760352,0.0931468,0.0849273325,0.076707865,0.0684883975,0.06026893,0.04104446,0.04190836,0.03465993,0.02887395,0.03418074,0.05350795,0.01976316,0.01993555,0.00677513,0,0,0,0
"UZB","Uzbekistan",0,0,0,0,0,0,0.00107704,0.00018572,3.85530782,2.7263248,3.97712684,2.09718275,1.84729791,1.51909614,1.51474798,1.49865663,1.72345579,1.26832926,1.58226585,1.92020702,1.37646008,0.96426839,1.05472589,0.81049961,0.05306406,0.04834881,0.04834881
"VUT","Vanuatu",14.9251442,14.9251442,14.9251442,14.9251442,14.9251442,14.9251442,14.82815456,23.9419136,15.83368015,21.46377945,21.84263992,22.90688896,15.55864716,15.26678848,26.15321922,32.86899948,22.78257942,30.60389709,38.95589828,71.79255676,40.97982788,39.60380173,31.96988678,23.76065636,31.49603081,24.23960114,24.23960114
"VEN","Venezuela, Bolivarian Republic o",0.05135082,0.05135082,0.05135082,0.05135082,0.05135082,0.05135082,0.07167615,0.13057151,0.07976939,0.01563448,0.01293126,0.02734264,0.01610804,0.00840302,0.00650383,0.01264606,0.01536513,0.00905684,0.00835832,0.00482301,0.00698453,0.00766118,0.00493746,0.04445182,0.11465234,0.10071252,0.10071252
"VNM","Viet Nam",4.24706602,4.24706602,4.24706602,4.24706602,4.24706602,4.24706602,3.92210364,4.69086027,4.8854022,5.50130796,4.00909615,4.0086832,3.59759307,2.20431662,2.45537519,2.24441719,2.35883427,2.42122793,2.23614049,3.19134164,2.16096139,2.29792595,1.08494627,1.01668346,0.98105192,0.82409054,0.82409054
"YEM","Yemen",3.17680502,3.17680502,3.17680502,3.17680502,3.17680502,3.17680502,2.81044602,2.54538631,1.85772383,2.43586993,2.07180619,3.49662447,2.87722278,2.54176927,2.85074902,2.41971827,3.61084318,3.52123785,4.66652393,6.3812809,7.78418827,7.78418827,7.78418827,7.78418827,7.78418827,7.78418827,7.78418827
"ZMB","Zambia",2.99574208,2.99574208,2.99574208,2.99574208,2.99574208,2.99574208,7.01910257,13.56423759,19.54175758,27.05217171,35.28527069,30.97756577,35.71409988,41.95621872,57.18525314,45.62015915,36.84088516,44.3692627,54.74503708,32.54830933,36.36019516,42.49133301,40.3681221,44.16156006,43.64444733,42.12265778,42.12265778
"ZWE","Zimbabwe",27.47642517,27.47642517,27.47642517,27.47642517,27.47642517,27.47642517,27.47642517,27.47642517,27.47642517,27.47642517,27.47642517,27.47642517,27.47642517,27.47642517,27.47642517,27.47642517,19.20782661,15.33536625,20.12588882,20.22387886,24.25624466,28.68098831,37.14507675,29.77490234,61.93504715,55.67457581,55.67457581
